[
  {
    "SheetName": "OVR_000",
    "SheetMaxRow": 7,
    "OverlaySlot": 0
  },
  {
    "SheetName": "OVR_001",
    "SheetMaxRow": 13,
    "OverlaySlot": 1
  },
  {
    "SheetName": "OVR_002",
    "SheetMaxRow": 14,
    "OverlaySlot": 2
  },
  {
    "SheetName": "OVR_003",
    "SheetMaxRow": 14,
    "OverlaySlot": 3
  },
  {
    "SheetName": "OVR_004",
    "SheetMaxRow": 10,
    "OverlaySlot": 4
  },
  {
    "SheetName": "OVR_005",
    "SheetMaxRow": 10,
    "OverlaySlot": 5
  },
  {
    "SheetName": "OVR_006",
    "SheetMaxRow": 12,
    "OverlaySlot": 6
  },
  {
    "SheetName": "OVR_007",
    "SheetMaxRow": 14,
    "OverlaySlot": 7
  },
  {
    "SheetName": "OVR_008",
    "SheetMaxRow": 43,
    "OverlaySlot": 8
  },
  {
    "SheetName": "OVR_009",
    "SheetMaxRow": 5,
    "OverlaySlot": 9
  },
  {
    "SheetName": "OVR_010",
    "SheetMaxRow": 3,
    "OverlaySlot": 10
  },
  {
    "SheetName": "OVR_011",
    "SheetMaxRow": 5,
    "OverlaySlot": 11
  },
  {
    "SheetName": "OVR_012",
    "SheetMaxRow": 62,
    "OverlaySlot": 12
  },
  {
    "SheetName": "OVR_013",
    "SheetMaxRow": 4,
    "OverlaySlot": 13
  },
  {
    "SheetName": "OVR_015",
    "SheetMaxRow": 8,
    "OverlaySlot": 15
  },
  {
    "SheetName": "OVR_016",
    "SheetMaxRow": 8,
    "OverlaySlot": 16
  },
  {
    "SheetName": "OVR_017",
    "SheetMaxRow": 6,
    "OverlaySlot": 17
  },
  {
    "SheetName": "OVR_018",
    "SheetMaxRow": 15,
    "OverlaySlot": 18
  },
  {
    "SheetName": "OVR_020",
    "SheetMaxRow": 42,
    "OverlaySlot": 20
  },
  {
    "SheetName": "OVR_023",
    "SheetMaxRow": 2,
    "OverlaySlot": 23
  },
  {
    "SheetName": "OVR_024",
    "SheetMaxRow": 3,
    "OverlaySlot": 24
  },
  {
    "SheetName": "OVR_025",
    "SheetMaxRow": 3,
    "OverlaySlot": 25
  },
  {
    "SheetName": "OVR_026",
    "SheetMaxRow": 3,
    "OverlaySlot": 26
  },
  {
    "SheetName": "OVR_027",
    "SheetMaxRow": 3,
    "OverlaySlot": 27
  },
  {
    "SheetName": "OVR_028",
    "SheetMaxRow": 3,
    "OverlaySlot": 28
  },
  {
    "SheetName": "OVR_029",
    "SheetMaxRow": 4,
    "OverlaySlot": 29
  },
  {
    "SheetName": "OVR_031",
    "SheetMaxRow": 15,
    "OverlaySlot": 31
  },
  {
    "SheetName": "OVR_032",
    "SheetMaxRow": 16,
    "OverlaySlot": 32
  },
  {
    "SheetName": "OVR_033",
    "SheetMaxRow": 11,
    "OverlaySlot": 33
  },
  {
    "SheetName": "OVR_034",
    "SheetMaxRow": 8,
    "OverlaySlot": 34
  },
  {
    "SheetName": "OVR_035",
    "SheetMaxRow": 6,
    "OverlaySlot": 35
  },
  {
    "SheetName": "OVR_037",
    "SheetMaxRow": 6,
    "OverlaySlot": 37
  },
  {
    "SheetName": "OVR_038",
    "SheetMaxRow": 20,
    "OverlaySlot": 38
  },
  {
    "SheetName": "OVR_039",
    "SheetMaxRow": 13,
    "OverlaySlot": 39
  },
  {
    "SheetName": "OVR_040",
    "SheetMaxRow": 19,
    "OverlaySlot": 40
  },
  {
    "SheetName": "OVR_041",
    "SheetMaxRow": 12,
    "OverlaySlot": 41
  },
  {
    "SheetName": "OVR_043",
    "SheetMaxRow": 4,
    "OverlaySlot": 43
  },
  {
    "SheetName": "OVR_044",
    "SheetMaxRow": 42,
    "OverlaySlot": 44
  },
  {
    "SheetName": "OVR_045",
    "SheetMaxRow": 26,
    "OverlaySlot": 45
  },
  {
    "SheetName": "OVR_046",
    "SheetMaxRow": 35,
    "OverlaySlot": 46
  },
  {
    "SheetName": "OVR_047",
    "SheetMaxRow": 38,
    "OverlaySlot": 47
  },
  {
    "SheetName": "OVR_048",
    "SheetMaxRow": 42,
    "OverlaySlot": 48
  },
  {
    "SheetName": "OVR_049",
    "SheetMaxRow": 42,
    "OverlaySlot": 49
  },
  {
    "SheetName": "OVR_050",
    "SheetMaxRow": 47,
    "OverlaySlot": 50
  },
  {
    "SheetName": "OVR_051",
    "SheetMaxRow": 43,
    "OverlaySlot": 51
  },
  {
    "SheetName": "OVR_052",
    "SheetMaxRow": 18,
    "OverlaySlot": 52
  },
  {
    "SheetName": "OVR_053",
    "SheetMaxRow": 9,
    "OverlaySlot": 53
  },
  {
    "SheetName": "OVR_054",
    "SheetMaxRow": 4,
    "OverlaySlot": 54
  },
  {
    "SheetName": "OVR_055",
    "SheetMaxRow": 5,
    "OverlaySlot": 55
  },
  {
    "SheetName": "OVR_056",
    "SheetMaxRow": 14,
    "OverlaySlot": 56
  },
  {
    "SheetName": "OVR_058",
    "SheetMaxRow": 20,
    "OverlaySlot": 58
  },
  {
    "SheetName": "OVR_059",
    "SheetMaxRow": 20,
    "OverlaySlot": 59
  },
  {
    "SheetName": "OVR_060",
    "SheetMaxRow": 23,
    "OverlaySlot": 60
  },
  {
    "SheetName": "ONMOVR_000",
    "SheetMaxRow": 16,
    "OverlaySlot": 100
  },
  {
    "SheetName": "ONMOVR_005",
    "SheetMaxRow": 7,
    "OverlaySlot": 105
  },
  {
    "SheetName": "ONMOVR_006",
    "SheetMaxRow": 5,
    "OverlaySlot": 106
  },
  {
    "SheetName": "ONMOVR_007",
    "SheetMaxRow": 11,
    "OverlaySlot": 107
  },
  {
    "SheetName": "ONMOVR_008",
    "SheetMaxRow": 3,
    "OverlaySlot": 108
  },
  {
    "SheetName": "ONMOVR_009",
    "SheetMaxRow": 12,
    "OverlaySlot": 109
  },
  {
    "SheetName": "ONMOVR_010",
    "SheetMaxRow": 17,
    "OverlaySlot": 110
  },
  {
    "SheetName": "ONMOVR_011",
    "SheetMaxRow": 11,
    "OverlaySlot": 111
  },
  {
    "SheetName": "ONMOVR_013",
    "SheetMaxRow": 22,
    "OverlaySlot": 113
  },
  {
    "SheetName": "ONMOVR_014",
    "SheetMaxRow": 5,
    "OverlaySlot": 114
  },
  {
    "SheetName": "ONMOVR_015",
    "SheetMaxRow": 89,
    "OverlaySlot": 115
  },
  {
    "SheetName": "ONMOVR_016",
    "SheetMaxRow": 257,
    "OverlaySlot": 116
  },
  {
    "SheetName": "ONMOVR_019",
    "SheetMaxRow": 9,
    "OverlaySlot": 119
  },
  {
    "SheetName": "ONMOVR_020",
    "SheetMaxRow": 10,
    "OverlaySlot": 120
  },
  {
    "SheetName": "ONMOVR_021",
    "SheetMaxRow": 10,
    "OverlaySlot": 121
  },
  {
    "SheetName": "ONMOVR_022",
    "SheetMaxRow": 9,
    "OverlaySlot": 122
  },
  {
    "SheetName": "ONMOVR_023",
    "SheetMaxRow": 28,
    "OverlaySlot": 123
  }
]